1,James Butt 6649 S Aroj St New Orleans LA 70116,36
2,Josephine Darakjy 4 U Dhay Blvd Brighton MI 48116,48
3,Art Venere 8 PR Amod #54 Bridgeport NJ 8014,23
4,Lenna Paprocki 639 AJ Ay St Anchorage AK 99501,12
5,Donette Foller 34 S Ubra Hamilton OH 45011,10
6,Simona Morasca 3 SI Tal N Aik Ashland OH 44805,5
7,Mitsue Tollner Non-US,26
8,Leota Dilliard AR Unkumar San Jose CA 95111,19
9,Sage Wieser 5 Boston Ave #88 Sioux Falls SD 57105,
10,Kris Marrier 228 Runamuck Pl #2808 Baltimore MD 21224,
